authorDisplayName;textDisplay;clean_comment;;
@mabuksaham-willyamwen7774;LAPORAN KEUANGAN Q3 2023 LAINNYA:;;;
"<br>1. EAST (Eastparc Hotel): <a href=""""https://youtu.be/xMokJr4ZNz4"""">https://youtu.be/xMokJr4ZNz4";;;;
"</a><br>2. DOOH (Era Media Sejahtera): <a href=""""https://youtu.be/s1eNedcQirQ"""">https://youtu.be/s1eNedcQirQ";;;;
"</a><br>3. PJAA (Pembangunan Jaya Ancol): <a href=""""https://youtu.be/QOgl09DkMvs"""">https://youtu.be/QOgl09DkMvs";;;;
"</a><br>4. BBCA (Bank Central Asia): <a href=""""https://youtu.be/E75vyBUySmY"""">https://youtu.be/E75vyBUySmY";;;;
"</a><br>5. IPCC (Indonesia Kendaraan Terminal): <a href=""""https://youtu.be/8FnXYOTebfw"""">https://youtu.be/8FnXYOTebfw";;;;
"</a><br>6. BTPS (Bank BTPN Syariah): <a href=""""https://youtu.be/ljGIvKKXTMI"""">https://youtu.be/ljGIvKKXTMI";;;;
"</a><br>7. BBRI (Bank Rakyat Indonesia): <a href=""""https://youtu.be/kVnVD5c8WWo"""">https://youtu.be/kVnVD5c8WWo";;;;
"</a><br>8. BNGA (Bank CIMB Niaga): <a href=""""https://youtu.be/QdZh_f_YDTY"""">https://youtu.be/QdZh_f_YDTY";;;;
"</a><br>9. BJBR (Bank Pembangunan Daerah Jawa Barat dan Banten): <a href=""""https://youtu.be/3b8ApsRrYXY"""">https://youtu.be/3b8ApsRrYXY";;;;
"</a><br>10. TPMA (Trans Power Marine): <a href=""""https://youtu.be/wTTjQ0d7YTU"""">https://youtu.be/wTTjQ0d7YTU";;;;
"</a><br>11. SGRO (Sampoerna Agro): <a href=""""https://youtu.be/ofMterjybdM"""">https://youtu.be/ofMterjybdM";;;;
"</a><br>12. CNMA (Nusantara Sejahtera Jaya): <a href=""""https://youtu.be/1SGPxdxWeSc"""">https://youtu.be/1SGPxdxWeSc";;;;
"</a><br>13. BMBL (Lavender Bina Cendikia): <a href=""""https://youtu.be/fspnxp9nXBY"""">https://youtu.be/fspnxp9nXBY</a><br>14. PTBA (Bukit Asam): <a href=""""https://youtu.be/hC8YSP3rG4A"""">https://youtu.be/hC8YSP3rG4A</a>""";laporan keuangan q lainnya br east eastparc hotel hrefhttpsyoutubexmokjrznzhttpsyoutubexmokjrznz abr dooh era media sejahtera hrefhttpsyoutubesenedcqirqhttpsyoutubesenedcqirq abr pjaa pembangunan jaya ancol hrefhttpsyoutubeqogldkmvshttpsyoutubeqogldkmvs abr bbca bank central asia hrefhttpsyoutubeevybuysmyhttpsyoutubeevybuysmy abr ipcc indonesia kendaraan terminal hrefhttpsyoutubefnxyotebfwhttpsyoutubefnxyotebfw abr btps bank btpn syariah hrefhttpsyoutubeljgivkkxtmihttpsyoutubeljgivkkxtmi abr bbri bank rakyat indonesia hrefhttpsyoutubekvnvdcwwohttpsyoutubekvnvdcwwo abr bnga bank cimb niaga hrefhttpsyoutubeqdzhfydtyhttpsyoutubeqdzhfydty abr bjbr bank pembangunan daerah jawa barat dan banten hrefhttpsyoutubebapsrryxyhttpsyoutubebapsrryxy abr tpma trans power marine hrefhttpsyoutubewttjqdytuhttpsyoutubewttjqdytu abr sgro sampoerna agro hrefhttpsyoutubeofmterjybdmhttpsyoutubeofmterjybdm abr cnma nusantara sejahtera jaya hrefhttpsyoutubesgpxdxweschttpsyoutubesgpxdxwesc abr bmbl lavender bina cendikia hrefhttpsyoutubefspnxpnxbyhttpsyoutubefspnxpnxbyabr ptba bukit asam hrefhttpsyoutubehcysprgahttpsyoutubehcysprgaa;;;
@xcie69;jhon bahas emiten smkm sama lsip jhonğŸ˜Š;jhon bahas emiten smkm sama lsip jhon;;
@dosibonbon;Saya sudah pegang ptba lama..msih avg 4650;saya sudah pegang ptba lamamsih avg;;
@adiputrapangestu5920;â€‹@@dosibonbonkalo ga banyak lot nya gpp ğŸ˜¢;dosibonbonkalo ga banyak lot nya gpp;;
@dahamadiun1371;AMAN bang Amanda;aman bang amanda;;
@ziletmuse5318;Bahas mmix donk.. Hehe;bahas mmix donk hehe;;
@RiqikArdiansyah-gd9vo;Semoga dpr nya besar , kata pak mentri harus gede ğŸ˜‚;semoga dpr nya besar kata pak mentri harus gede;;
@sugenglestari3749;Mending mana PTBA vs ADRO bro;mending mana ptba vs adro bro;;
@sugenglestari3749;Gue baru sebulan ini beli saham ...yahh baru 40 jt an ...maaih coba2 ..gue pilih peruashaan besar yg sdh punya nama ...lalu tidur nelum pernah gue jual ...naik turun gue cuekin ...;gue baru sebulan ini beli saham yahh baru jt maaih coba gue pilih peruashaan besar yg sdh punya nama lalu tidur nelum pernah gue jual naik turun gue cuekin;;
@i4mchristi4n;tx Jon baru masuk di 2420 DY 18% ğŸ˜‚;tx jon baru masuk di dy;;
@yuliaerfendi4672;Mulai serok2 ptba mulai Bln ini;mulai serok ptba mulai bln ini;;
@amuharki;jadi serok bln nov atau nunggu jan , feb jhon?;jadi serok bln nov atau nunggu jan feb jhon;;
@asfarrudin3172;Udah minus 40% bang. <br>Ttep santay bangğŸ˜‚. Tutup mata;udah minus bang brttep santay bang tutup mata;;
@acilbutetshow;Per hari ini (7 November 2023) saya mines 23% . Awalnya niat dividen tahun kemaren eh kebablasan ğŸ˜… tapi akhirnya belajar dan belajar terus . Dan karena terpaksa akhirnya terbiasa dan mulai nyicil dan jadi jangka panjang ğŸ˜…;per hari ini november saya mines awalnya niat dividen tahun kemaren eh kebablasan tapi akhirnya belajar dan belajar terus dan karena terpaksa akhirnya terbiasa dan mulai nyicil dan jadi jangka panjang;;
@tegarzakyprasetyo8081;berapa lot nih;berapa lot nih;;
@indrajaya6120;Tim hold hadir bossğŸ˜Š;tim hold hadir boss;;
@ipungsaefulloh3496;ko wil, sah gk sih kalo ambil pinjaman ke bank trs masukin ke emiten dengan dividen gede?;ko wil sah gk sih kalo ambil pinjaman ke bank trs masukin ke emiten dengan dividen gede;;
@mabuksaham-willyamwen7774;Klo pake duid panas biasanya kagak hoki mas hehe, mending jangan hehe;klo pake duid panas biasanya kagak hoki mas hehe mending jangan hehe;;
@ipungsaefulloh3496;@@mabuksaham-willyamwen7774 saham pegangan yang bagi dividen lagi pada diskon ingin rasanya nyerok banyak wkwk;mabuksahamwillyamwen saham pegangan yang bagi dividen lagi pada diskon ingin rasanya nyerok banyak wkwk;;
@fadjarkusmanto719;Jgn terlalu mabuk bang ğŸ˜…;jgn terlalu mabuk bang;;
@ipungsaefulloh3496;@@fadjarkusmanto719 gemes banget bang liat diskonan begitu, tapi apa daya diemin aja ğŸ˜…;fadjarkusmanto gemes banget bang liat diskonan begitu tapi apa daya diemin aja;;
@bennytaruna8019;gak ada duitğŸ˜¢ modal gw nyangkut di GEMS;gak ada duit modal gw nyangkut di gems;;
@akhmadididi952;Bahas saham TOTL bang, laporan keuangan Q3 naik.....;bahas saham totl bang laporan keuangan q naik;;
@nurliysiringoringo8913;Harga ptba aku di 3700 bang  berarti hold Aja ya Bang  menurut Analisa Abang hari ini  thanks bang;harga ptba aku di bang berarti hold aja ya bang menurut analisa abang hari ini thanks bang;;
@pdkudamas;Hold tahan sampai bagi dividend. Biasa naik.;hold tahan sampai bagi dividend biasa naik;;
@aldyawliya3616;thanks koh;thanks koh;;
@ROMIPRADANA;Bro willyam wen semangat terus memberikan pemahaman tentang investasi, Semoga semakin sukses dan dilimpahin peruntungan sepanjang tahun dan semakin hoki;bro willyam wen semangat terus memberikan pemahaman tentang investasi semoga semakin sukses dan dilimpahin peruntungan sepanjang tahun dan semakin hoki;;
@elsyafahrizarisky5072;thank you koh wil ğŸ‰;thank koh wil;;
@Ngobrolemiten;selamat pagi Jhon , tlg kasi kita konten semangat buat kita deviden investing yang masih hold saham batubara sampai saat ini jhOn untuk terus yakin Hold ğŸ˜;selamat pagi jhon tlg kasi kita konten semangat buat kita deviden investing yang masih hold saham batubara sampai saat ini jhon untuk terus yakin hold;;
@Syariah-zc5nj;suka banget dengar penjelasan nya om;suka banget dengar penjelasan nya om;;
@chonganchang4907;Lumayan. Kamsia bro Wen ğŸ‘;lumayan kamsia bro wen;;
@user-zw4rf9hb2f;anjay harga saham langsung turun drastis;anjay harga saham langsung turun drastis;;
@suhendra2606;Udah ada muatan 24 lot Avrg masih di 2774ğŸ˜¢;udah ada muatan lot avrg masih di;;
@Sigalinggingheri;BMRI Sdh keluar Q3 bro Will . . . MantapğŸ‘ . . . 558;bmri sdh keluar q bro mantap;;
@kia-tc8us;Tolong Bahas wiim Naik karna di goreng atau karna fundamental koh wil.<br>Laporan Q3 wiim sudah keluar;tolong bahas wiim naik karna di goreng atau karna fundamental koh wilbrlaporan q wiim sudah keluar;;
@drayla7013;Sdh mulai nyicil PTBA. Diharga 2000 all in ğŸ˜…;sdh mulai nyicil ptba diharga;;
@TuraDoke-fb1ho;Bahas POWR bro lapkeu udh keluar laba naik ğŸ¤Ÿ;bahas powr bro lapkeu udh keluar laba naik;;
@almas4764;BSDE bang;bsde bang;;
@eddyhariyanto4246;Q3 HEXA SUDAH KELUAR TOLONG DI BAHAS KAK;q hexa sudah keluar tolong di bahas kak;;
@black-hole78;bang bahas sektor saham yang ada pengaruhnya ketika pemilu dong bang;bang bahas sektor saham yang ada pengaruhnya ketika pemilu dong bang;;
@tedysuryanto579;Ko Will tolong bahas kalau mau invest di coal bagus dimana Ptba, Itmg, Bssr, Indy tks ko;ko tolong bahas kalau mau invest di coal bagus dimana ptba itmg bssr indy tks ko;;
@trukmobilvideobis;bang GJTL gimana nih sudah cuan, enaknya di jual apa di hold,, tolong di buatkan contenya , ane sudah subscribe..<br>thankss...;bang gjtl gimana nih sudah cuan enaknya di jual apa di hold tolong di buatkan contenya ane sudah subscribebrthankss;;
@degaes;Disaat orng2 takut sma goto, disitu saya All In;disaat orng takut sma goto disitu saya;;
@Kk-nl6mx;kamu keren;kamu keren;;
@degaes;@@Kk-nl6mx See..??;kknlmx see;;
@terizanorymada8738;Baru nyerok 2610.. eh turun lagi.. ğŸ˜… wait and see.. 2200 nyerok lagi...;baru nyerok eh turun lagi wait see nyerok lagi;;
@riekanich;Bahas Q3 ANTM Donkk;bahas q antm donkk;;
@puputyustanto6218;Lagi ambruk 2480 PTBA, gass serok;lagi ambruk ptba gass serok;;
@iwayanardiana8975;Jhon gue ngg ada duet jhooonn mau serok ğŸ¤£ğŸ¤£;jhon gue ngg ada duet jhooonn mau serok;;
@ekosumargono2962;bahas GGRM donk koh wens....ada anomali...net income naik bagus..harga dibanting;bahas ggrm donk koh wensada anomalinet income naik bagusharga dibanting;;
@Garry-Stewart;Beli PTBA di 2600 sekarang lagi loss tapi pengen lebih turun lagi biar bisa nambah;beli ptba di sekarang lagi loss tapi pengen lebih turun lagi biar bisa nambah;;
@riskisahputra4432;Hr ini kita Avg di2500an bro will;hr ini kita avg dian bro;;
@itz_heyletsgo421;PTBA 2470 saat ini ğŸ˜­ğŸ˜­;ptba saat ini;;
@adib_logika;Ngantri di 2500 udh match wkwk;ngantri di udh match wkwk;;
@annassinagabfc4729;KKGI bang;kkgi bang;;
@tommyajahputra;Kkgi Pssi turun q3;kkgi pssi turun q;;
@TopGlobalLegends;John bahas PSSI john..pada panik Q3 anjlok wkwkwkw;john bahas pssi johnpada panik q anjlok wkwkwkw;;
@soeboer_makmoer_farm;Eps Q3 cuma 87 gimna ini jhin ?;eps q cuma gimna ini jhin;;
@dadanroyoni7914;Mantap bang wilğŸ‘ğŸ‘<br>Semoga saja casj tersedia buat nyerok PTBA;mantap bang wilbrsemoga saja casj tersedia buat nyerok ptba;;
@amrizalkidsboy;tengss koh wil;tengss koh wil;;
@utamikaryanti2274;Nunggu Q3 bssr, harga nya masih di jagain di 4000 an;nunggu q bssr harga nya masih di jagain di;;
@oliviasafitri4400;ntn video lain katany tiap akhir th saham harga batu bara bakal naik.. jadi yang bener mana nih, akhir th naik apa turun kecenderungannya??;ntn video lain katany tiap akhir th saham harga batu bara bakal naik jadi yang bener mana nih akhir th naik apa turun kecenderungannya;;
@lamhotsupanto9667;Baru nambah muagan di BRI<br>saham ADRO dan PTBA awal taun aja beli nya .;baru nambah muagan di bribrsaham adro dan ptba awal taun aja beli nya;;
@ellysusia2800;Jika menabung sampai 1 miliar, kemudian dividen 16 % yang artinya 160 juta pertahun, sudah lebih dari cukup jon buat hidup. Semangat jon, gaji UMR, nabung PTBA.;jika menabung sampai miliar kemudian dividen yang artinya juta pertahun sudah lebih dari cukup jon buat hidup semangat jon gaji umr nabung ptba;;
@sujikenyekkenyek5456;Bhas kkgi jhon,Q3 seupil;bhas kkgi jhonq seupil;;
@oldchef2839;Thanks a lot John insightnya;thanks lot john insightnya;;
@nunung456;Selalu ada ketenangan dan optimis ketika menyimak podcast ko williem, terimakasih ko williem, semoga selalu sehat wal afiat diberikan rizki yg luas dan keluarga yg bahagia sejahtera. <br>Aamiin yaa Robbal alaamiin ğŸ¤²;selalu ada ketenangan dan optimis ketika menyimak podcast ko williem terimakasih ko williem semoga selalu sehat wal afiat diberikan rizki yg luas dan keluarga yg bahagia sejahtera braamiin yaa robbal alaamiin;;
@alifiblodot4537;Bahan ITMG dong bang.......saham kesayangan;bahan itmg dong bangsaham kesayangan;;
@sandraoktaviana9828;Belum keluar Q3 nya, saya juga lg nunggu;belum keluar q nya saya juga lg nunggu;;
@RiskyTrapYT;Mau tanya koh will, knp hrg batubara anjlok pas desember? Bukannya disebagian negara justru musim dingin permintaan lbh banyak ya? Kiraâ€ mendekati pemilu, dividen makin kecil atau justru malah besar ya?;mau tanya koh knp hrg batubara anjlok pas desember bukannya disebagian negara justru musim dingin permintaan lbh banyak ya kira mendekati pemilu dividen makin kecil atau justru malah besar ya;;
@ibnubajaw1853;Logikanya pas saat musim dingin tuh perusahaan uda pd stok bln2 sblmnya. Jd hbs desember malah banyak perusahaan dah ga nyetok atau butuhnya sedikit;logikanya pas saat musim dingin tuh perusahaan uda pd stok bln sblmnya jd hbs desember malah banyak perusahaan dah ga nyetok atau butuhnya sedikit;;
@RiskyTrapYT;@@ibnubajaw1853 ohh begitu, betul jg.;ibnubajaw ohh begitu betul jg;;
@bangcacing6032;TINS bg;tins bg;;
@buzzlightyear2150;Rencnaa mau hold 4thn gmn bang;rencnaa mau hold thn gmn bang;;
@sularsobachtiar5318;Mas willy minta tolong bahas bjtm ya mas... Makasih;mas willy minta tolong bahas bjtm ya mas makasih;;
@itz_heyletsgo421;Jakarta, CNBC Indonesia -Â Presiden Joko Widodo (Jokowi) memerintahkan agar pada tahun ini setidaknya ada satu Pembangkit Listrik Tenaga Uap (PLTU) batu bara yang bisa dipastikan untuk dilakukan pensiun dini.;jakarta cnbc indonesia presiden joko widodo jokowi memerintahkan agar pada tahun ini setidaknya ada satu pembangkit listrik tenaga uap pltu batu bara yang bisa dipastikan untuk dilakukan pensiun dini;;
@anchannel2641;Bang bahas Adam Levine yg mau bundir gara2 loss banyak di saham;bang bahas adam levine yg mau bundir gara loss banyak di saham;;
@irfanbeema3725;Semoga turun ke 1500 aaagua mau serok nih saham;semoga turun ke aaagua mau serok nih saham;;
@tohaputra1382;Nunggu turun dulu..msh siap cash;nunggu turun dulumsh siap cash;;
@dddboxing6410;Bang Will.. UNTR donk;bang untr donk;;
@yusufabadi5817;Bahas saham kesayangan gw bang ADRO;bahas saham kesayangan gw bang adro;;
@user-ro3zl1kg6r;Bg bahas apa itu RataÂ² tertimbang. Soalnya untuk mencari Eps dan Dps tidak menggunakan Lembar saham melainkan RataÂ² tertimbang. Mohon dijelaskan bg?;bg bahas apa itu rata tertimbang soalnya untuk mencari eps dan dps tidak menggunakan lembar saham melainkan rata tertimbang mohon dijelaskan bg;;
@permanahyiamaan916;SIDO mau bagi dev interm ko malah turun 10% y ğŸ˜…;sido mau bagi dev interm ko malah turun;;
@fitriadiansyah6205;Q3nya turun. Makanya roboh;qnya turun makanya roboh;;
@suaraaku;Bang minta tolong bahas HILL;bang minta tolong bahas hill;;
@pedrieklewi6361;Request kkgi jhon...;request kkgi jhon;;
@lutfifitriah8815;Hari ini baru masuk 1 lot ptba di 2600 mudah2an masih trn buat cicilğŸ˜Š;hari ini baru masuk lot ptba di mudahan masih trn buat cicil;;
@hendrylee2581;semoga turun gocap baru cicil;semoga turun gocap baru cicil;;
@lutfifitriah8815;@@hendrylee2581 klo gocap bangkrut dongğŸ˜Œ;hendrylee klo gocap bangkrut dong;;
@rezasaefullah9681;â€‹@@hendrylee2581apa coba;hendryleeapa coba;;
@cahyohandoyo3137;â€‹@@lutfifitriah8815dikabulkan hari ini turun 2350, semoga besok turun jadi 2100;lutfifitriahdikabulkan hari ini turun semoga besok turun jadi;;
@nuryarifin8585;malesnya tuh gini&#39;; pembagian dy nya sethn sekali, jd pasti bantingannya dlm bangt&#39;" hahha mending Bssr , mCOL, gems, tau ITMG"",malesnya tuh gini klu ptba meskipun royal bagi deviden ko wilquot pembagian dy nya sethn sekali jd pasti bantingannya dlm bangt hahha mending bssr mcol gems tau itmg"
@handaru9936;Masih hold avg 4200,kadang berontak juga sih,tp ya sudah lah;masih hold avg kadang berontak juga sihtp ya sudah lah;;
@itz_heyletsgo421;Avg down aja;avg aja;;
@Ngobrolemiten;Untuk AVD di harga 1740 x 200 lot brp agar bisa jadi rata rata di 2.500 nya ya Jhon Will ?;untuk avd di harga x lot brp agar bisa jadi rata rata di nya ya jhon;;
@VirtualVoyager0406;makasi bang...;makasi bang;;
@user-ih4rr8jb3f;Makasih bang ilmunya saya masih pemula dalam pasar modal.portovolio masih merahğŸ˜ŠğŸ˜Š;makasih bang ilmunya saya masih pemula dalam pasar modalportovolio masih merah;;
@donbhosup27;sama om..merah gak pp jgn dinliatin.  Fokus aja nambah lot  sama saham yg di rasa yakin profit. Sisane mau merah .item ijo..terserah;sama ommerah gak pp jgn dinliatin fokus aja nambah lot sama saham yg di rasa yakin profit sisane mau merah item ijoterserah;;
@yahya8948;Bang, bahas HRUM donk, thanks,,;bang bahas hrum donk thanks;;
@adiputrapangestu5920;Kenapa sekitar bulan desember harga batu bara roboh??;kenapa sekitar bulan desember harga batu bara roboh;;
@chickenforest3042;2840;;;
@asepigun;PTBA semoga jadi rejekiku;ptba semoga jadi rejekiku;;
@sucilestari470;Semoga dev minim 520;semoga dev minim;;
@jambujaya2131;Ini nih Q3 PTBA yg kita tunggu2.....;ini nih q ptba yg kita tunggu;;
@amabrian1632;Kalau ikuti chanel-nya koh Wil, selalu menenangkan. Mau floating los, floating profit tidak efek, selain perbanyak Lot demi cuan rupiah ngalir ke RDN.<br>Saham blue chip enaknya semakin roboh, semakin menggairahkan.<br>Serok habis tinggal tidur.ğŸ˜ƒğŸ˜€;kalau ikuti chanelnya koh wil selalu menenangkan mau floating los floating profit tidak efek selain perbanyak lot demi cuan rupiah ngalir ke rdnbrsaham blue chip enaknya semakin roboh semakin menggairahkanbrserok habis tinggal tidur;;
@ThePietzpanca;Portofolio ptba merah ga usah kuatir ya bang? Tetep serok lagi kah?;portofolio ptba merah ga usah kuatir ya bang tetep serok lagi kah;;
@soundtubefree8075;Terimakasih Koh Will <br>PBSA bagi lagi Dividen Rp.40 <br>Yield 12% ğŸ˜Š;terimakasih koh brpbsa bagi lagi dividen rp bryield;;
@kelfincr31;Bang bahas kkgi bang;bang bahas kkgi bang;;
@kanalsenisederhana;Yg tdk pernah lelah menyuarakan pentingnya dividen di bursa saham. Semoga rejeki ko wil selalu lancar dan berkah ya.;yg tdk pernah lelah menyuarakan pentingnya dividen di bursa saham semoga rejeki ko wil selalu lancar dan berkah ya;;
@fadilardiansyah1225;Kkgi anjlok bgt bang q3 nya;kkgi anjlok bgt bang q nya;;
@hendrosuprayitno9614;bang tolong diinfo bagusan mana adro dan PT BA;bang tolong diinfo bagusan mana adro dan pt ba;;
@jambujaya2131;PTBA aja boss....;ptba aja boss;;
@rosalynmagdalena3791;Aku punya dua2nya...;aku punya duanya;;
@rezasaefullah9681;Masuk dua duanyağŸ˜‚;masuk dua duanya;;
@Firda2010;Sama aja, bedanya dividen ADRO 2x setahun, PTBA 1x setahun;sama aja bedanya dividen adro x setahun ptba x setahun;;
@ExGamer-f41z41;dividen PTBA selalu 100% jon;dividen ptba selalu jon;;
@harihandikasetiawan8586;Saham andalan ku;saham andalan ku;;
@ferripradana4265;Merah banget koh ğŸ˜‚ğŸ˜‚ğŸ˜‚ğŸ˜‚, wkwkwk;merah banget koh wkwkwk;;
@mukmin44;Kalo sampai roboh ke 2000 ,kan artinya bwanyakk banget yang jualan..<br>Kira2 apa alasan mereka pada jualan?;kalo sampai roboh ke kan artinya bwanyakk banget yang jualanbrkira apa alasan mereka pada jualan;;
@nanihonipa;Biasanya fomo atau takut sama fear2 yg di tebar;biasanya fomo atau takut sama fear yg di tebar;;
@mutiaa.r9803;coal merah merona. serok nanggung nanggung gara2 fomo?;coal merah merona serok nanggung nanggung gara fomo;;
@satria2177;2.690  masih aman ga puh sepuh heheh;masih aman ga puh sepuh heheh;;
@SarahVirtyTami-uh2mw;Semoga terjun 2000;semoga terjun;;
@jordanmartino8719;Jon q3 adro jangan lupa;jon q adro jangan lupa;;
@kiyahbrebes1666;Bener mase kalau nyangkut di emin aja hepiii debiden ğŸ‰ğŸ‰ğŸ‰ğŸ‰;bener mase kalau nyangkut di emin aja hepiii debiden;;
@deesdiary2689;kak tlg bahas TINS, AKPI, SMDR n SSMS dong;kak tlg bahas tins akpi smdr n ssms dong;;
@trukmobilvideobis;Cocok, SMDR ane juga bertanya tanya, lagi nyerok dikit dikit SMDR, PBV nya kecil;cocok smdr ane juga bertanya tanya lagi nyerok dikit dikit smdr pbv nya kecil;;
@hokinoob;ADRO &amp;;;
@jambujaya2131;PTBA best of de best....;ptba best de best;;
@abeelinot;Kami avarsge 2800;kami avarsge;;
@mandalaputra9646;Tolong bahas maha bang;tolong bahas maha bang;;
@nawwafyusuf;Perusahan yg bagi dividen tetap bagi dividen, jdi tenang aja guys;perusahan yg bagi dividen tetap bagi dividen jdi tenang aja guys;;
@arissaeroji1923;Bahas Bssr Jon, Terimakasih;bahas bssr jon terimakasih;;
@ridwankurniadi28;Habis bagi dividen aja serok PTBA pasti roboh 1500-2000;habis bagi dividen aja serok ptba pasti roboh;;
@fitriadiansyah6205;Gak saampe ..ex date kmrn aja 2.690. Enak serok sekarang. Nanti dapet deviden buat tambah muatan;gak saampe ex date kmrn aja enak serok sekarang nanti dapet deviden buat tambah muatan;;
@ridwankurniadi28;@@fitriadiansyah6205 tahun kemarin kan labanya tinggi, tahun ini ga gede tahun lalu jd hrga nya jg makin murah;fitriadiansyah tahun kemarin kan labanya tinggi tahun ini ga gede tahun lalu jd hrga nya jg makin murah;;
@adimfauzul;"Bang will saya mau tanya , bang will kan biasanya kasih harga wajar eps kali 10-20 kalau harga makin turun dr level yg telah di tentukan apakah bang will akan cutloss? <a href=""http://www.youtube.com/results?search_query=%23pernahkah"">#pernahkah</a> bang will cut loss? disaat situasi dan valuasi bagaimana bang will cutloss tsb?, tolong buatkan video nya bang <a href=""http://www.youtube.com/results?search_query=%23makasih"">#makasih</a> banyak";bang saya mau tanya bang kan biasanya kasih harga wajar eps kali kalau harga makin turun dr level yg telah di tentukan apakah bang akan cutloss hrefhttpwwwyoutubecomresultssearchquerypernahkahpernahkaha bang cut loss disaat situasi dan valuasi bagaimana bang cutloss tsb tolong buatkan video nya bang hrefhttpwwwyoutubecomresultssearchquerymakasihmakasiha banyak;;
@ignasiusadinugroho6302;Kok CL yg ada serok lah kl harga diskon kaya gitu. <br>Apalagi PTBA dgn harga segini bisa ngasih 25-30%;kok cl yg ada serok lah kl harga diskon kaya gitu brapalagi ptba dgn harga segini bisa ngasih;;
@SarahVirtyTami-uh2mw;@@ignasiusadinugroho6302 karena bakalan ke 2300;ignasiusadinugroho karena bakalan ke;;
@sucilestari470;Saham ny turun yg penting kan perushaaan ttep jualan batubara ny.. ğŸ˜… devident ttep di kasih;saham ny turun yg penting kan perushaaan ttep jualan batubara ny devident ttep di kasih;;
@mrtrololo4252;Selagi pln masih monopoli kelistrikan nasional, selama itu juga &quot;;;
@rahmatbudiarto3401;Lumayan.. Tadi jam&quot;;;
@SarahVirtyTami-uh2mw;Turun lagi tu;turun lagi tu;;
@rahmatbudiarto3401;@@SarahVirtyTami-uh2mw Iya. Klo turun lagi, serok lagi mumpung baru gajian. Setting aj auto beli di harga terendah..ğŸ˜„;sarahvirtytamiuhmw iya klo turun lagi serok lagi mumpung baru gajian setting aj auto beli di harga terendah;;
@nrwardah5843;ge mana cara setting nya mas?;ge mana cara setting nya mas;;
@Ferdiantt25;Gw yg nyangkut di 2860ğŸ˜¢;gw yg nyangkut di;;
@ilfardonuta6217;3600 msih tenang ğŸ˜‚;msih tenang;;
@arenansyah2277;Sabar saya di 34** belum AVG down ..tnggi momentum dan dana ğŸ¤­;sabar saya di belum avg tnggi momentum dan dana;;
@BasBay;3400 nyimak ğŸ˜;nyimak;;
@khalidujungbatu4920;Bang bahas ADRO juga;bang bahas adro juga;;
@darmaputragusti9252;Lagi crash...;lagi crash;;
@arifyoga4518;16% gede  coy;gede coy;;
@widinurwicaksana7121;TLKM dong ko will;tlkm dong ko;;
@nabilahumairanazra;Laporan keuangan saham maha dong koğŸ˜Š;laporan keuangan saham maha dong ko;;
@korneliussuhendra1511;Aku masih wait n see.... nunggu turun lagi;aku masih wait n see nunggu turun lagi;;
@b.p.6763;Sabar... Emiten batu bara masih akan turun lagi...;sabar emiten batu bara masih akan turun lagi;;
@maseohmase;Masih hold avg3500;masih hold avg;;
@andrianyahandri9477;Saya di 3300ğŸ˜¢;saya di;;
@heroemuiman800;Hold... long termğŸ˜Š dividen investing.;hold long term dividen investing;;
@Mankdolz;Average down bang;average bang;;
@ilfardonuta6217;3600 sebelumnya 3800 ğŸ˜‚;sebelumnya;;
@zain14245;AVG 2800;avg;;
@riderpride9248;Turun? Ya serok. Kpan lgi john turun. Ntar kl uda naik ya udah diversifikasi lainnya;turun ya serok kpan lgi john turun ntar kl uda naik ya udah diversifikasi lainnya;;
@wahyuaari3440;Msh pantau ptba...;msh pantau ptba;;
@BasBay;Makasih ko wil.siap&quot;;;
@Mankdolz;Sama ğŸ˜‚;sama;;
@sucilestari470;Mantaapppp;mantaapppp;;
@juridislev581;keren;keren;;
@BasBay;Wkwkkw ğŸ˜‚ğŸ˜‚;wkwkkw;;
@pirwansamsung907;Beli gorengan aja gurih;beli gorengan aja gurih;;
@edwinfajar7057;Ditunggu di 2000;ditunggu di;;
@yusupsupyan6331;Bahas adro ko;bahas adro ko;;
@masbayu9601;Kamis serok BBRI di 4920<br>Hari ini serok adro di 2550, ptba 2590<br><br>Semoga sebulan kedepan bisa turun lagi biar bisa nambahin muatanğŸ˜;kamis serok bbri di brhari ini serok adro di ptba brbrsemoga sebulan kedepan bisa turun lagi biar bisa nambahin muatan;;
@tjoevandie;Doamu dikabulkan hari ini 2360;doamu dikabulkan hari ini;;
@masbayu9601;@@tjoevandie tadi bisa nambahin muatan tapi ngga banyak, amunisi tipisğŸ˜;tjoevandie tadi bisa nambahin muatan tapi ngga banyak amunisi tipis;;
@tjoevandie;@@masbayu9601 aku juga masuk di harga 2400;masbayu aku juga masuk di harga;;
@luluthardiyani9724;Hari senin ini 2x beli ptba di harga 2650 &amp;;;
@Mankdolz;Wawwww 200 lot ğŸ˜‚;wawwww lot;;
@user-jh9sc7lw9d;belinya cicil kak jangan langsung all in hehe, mantep bener 200 lot;belinya cicil kak jangan langsung hehe mantep bener lot;;
@luluthardiyani9724;Iya kak, untung cicil blm all in. Nyesek pastix klu all in heheâ€¦ <br>Selain ptba kmrn jg dpt itmg &amp;;;
@user-jh9sc7lw9d;@@luluthardiyani9724 roboh dulu aja dong kak ehe biar saya bisa masuk, nunggu itmg 25 ribuan nih;luluthardiyani roboh dulu aja dong kak ehe biar saya bisa masuk nunggu itmg ribuan nih;;
@donbhosup27;Saya masuk di  untr. Jga lansgung merah semua.wkwkwk;saya masuk di untr jga lansgung merah semuawkwkwk;;
@fungky711;Mntapp;mntapp;;
@grg4a765;Jhon kok cepet amat dapet update an lapkeu, caranya gimana jhon biar g ketingalan, kan g mungkin kita cek satu2 per emiten;jhon kok cepet amat dapet update lapkeu caranya gimana jhon biar g ketingalan kan g mungkin kita cek satu per emiten;;
@El-rb9yy;Akhirnya bahas ptba lagi. Gua ngantri di 2200-2300 ğŸ™;akhirnya bahas ptba lagi gua ngantri di;;
@heroemuiman800;Waduhh..;waduhh;;
@Mankdolz;Gokil.... ğŸ˜‚ğŸ˜‚ğŸ˜‚;gokil;;
@pelangi_hitam;berat kali;berat kali;;
@hendrylee2581;turun gocap baru cicil;turun gocap baru cicil;;
@pelangi_hitam;@@hendrylee2581 waduhh;hendrylee waduhh;;
@Sigalinggingheri;Pening dng roboh nya . . . Apa terjun spt history BUMIğŸ˜‚;pening dng roboh nya apa terjun spt history bumi;;
@pdkudamas;Beda lah dengan BUMI. Kalau BUMI pengendalinya aduh.;beda lah dengan bumi kalau bumi pengendalinya aduh;;
@Sigalinggingheri;@@pdkudamas Iya, dengan business plan nya PTBA akan growth, instead of BatubarağŸ‘â˜•ï¸ akan jadi kenyataanğŸ™;pdkudamas iya dengan business plan nya ptba akan growth instead batubara akan jadi kenyataan;;
@pdkudamas;@@Sigalinggingheri iya. BUMI jg ga pernah bagi dividend, walaupun perusahaan laba. Jd cuma berharap capital gain.;sigalinggingheri iya bumi jg ga pernah bagi dividend walaupun perusahaan laba jd cuma berharap capital gain;;
@JHVR1810;Kalo BUMI pengendalinya Nia RamadhaniğŸ˜‚;kalo bumi pengendalinya nia ramadhani;;
@pdkudamas;@@JHVR1810 nah...;jhvr nah;;
@paulusharmoko6101;Good Job WillğŸ‘;good job;;
@ellysusia2800;Terimakasih jon, saham andalan saya jon;terimakasih jon saham andalan saya jon;;
@afdulgapur4725;Hadirrr;hadirrr;;
@fiqridihar437;Termikasih ganteng ğŸ™ğŸ»;termikasih ganteng;;
@papahkiki8155;waduh ga ada cash lagiğŸ˜…;waduh ga ada cash lagi;;
@edwinfajar7057;Siap siap ke 2000;siap siap ke;;
@nirzanurfitriano4515;Mantap ptba roboh bro 2.590...<br>Semoga besok masih turun....<br>Mumpung gajian bisa nambah muatan dikit....;mantap ptba roboh bro brsemoga besok masih turunbrmumpung gajian bisa nambah muatan dikit;;
@heroemuiman800;Tungguin bang..ğŸ˜‚ğŸ˜‚;tungguin bang;;
@jambujaya2131;Serok yg buanyak bosss;serok yg buanyak bosss;;
@jatmikokurniawan1103;bahas tapg bangğŸ™;bahas tapg bang;;
@jembak06..;Nyimak;nyimak;;
@mabuksaham-willyamwen7774;LAPORAN KEUANGAN Q3 2023 LAINNYA:;;;
"<br>1. EAST (Eastparc Hotel): <a href=""""https://youtu.be/xMokJr4ZNz4"""">https://youtu.be/xMokJr4ZNz4";;;;
"</a><br>2. DOOH (Era Media Sejahtera): <a href=""""https://youtu.be/s1eNedcQirQ"""">https://youtu.be/s1eNedcQirQ";;;;
"</a><br>3. PJAA (Pembangunan Jaya Ancol): <a href=""""https://youtu.be/QOgl09DkMvs"""">https://youtu.be/QOgl09DkMvs";;;;
"</a><br>4. BBCA (Bank Central Asia): <a href=""""https://youtu.be/E75vyBUySmY"""">https://youtu.be/E75vyBUySmY";;;;
"</a><br>5. IPCC (Indonesia Kendaraan Terminal): <a href=""""https://youtu.be/8FnXYOTebfw"""">https://youtu.be/8FnXYOTebfw";;;;
"</a><br>6. BTPS (Bank BTPN Syariah): <a href=""""https://youtu.be/ljGIvKKXTMI"""">https://youtu.be/ljGIvKKXTMI";;;;
"</a><br>7. BBRI (Bank Rakyat Indonesia): <a href=""""https://youtu.be/kVnVD5c8WWo"""">https://youtu.be/kVnVD5c8WWo";;;;
"</a><br>8. BNGA (Bank CIMB Niaga): <a href=""""https://youtu.be/QdZh_f_YDTY"""">https://youtu.be/QdZh_f_YDTY";;;;
"</a><br>9. BJBR (Bank Pembangunan Daerah Jawa Barat dan Banten): <a href=""""https://youtu.be/3b8ApsRrYXY"""">https://youtu.be/3b8ApsRrYXY";;;;
"</a><br>10. TPMA (Trans Power Marine): <a href=""""https://youtu.be/wTTjQ0d7YTU"""">https://youtu.be/wTTjQ0d7YTU";;;;
"</a><br>11. SGRO (Sampoerna Agro): <a href=""""https://youtu.be/ofMterjybdM"""">https://youtu.be/ofMterjybdM";;;;
"</a><br>12. CNMA (Nusantara Sejahtera Jaya): <a href=""""https://youtu.be/1SGPxdxWeSc"""">https://youtu.be/1SGPxdxWeSc";;;;
"</a><br>13. BMBL (Lavender Bina Cendikia): <a href=""""https://youtu.be/fspnxp9nXBY"""">https://youtu.be/fspnxp9nXBY</a><br>14. PTBA (Bukit Asam): <a href=""""https://youtu.be/hC8YSP3rG4A"""">https://youtu.be/hC8YSP3rG4A</a>""";laporan keuangan q lainnya br east eastparc hotel hrefhttpsyoutubexmokjrznzhttpsyoutubexmokjrznz abr dooh era media sejahtera hrefhttpsyoutubesenedcqirqhttpsyoutubesenedcqirq abr pjaa pembangunan jaya ancol hrefhttpsyoutubeqogldkmvshttpsyoutubeqogldkmvs abr bbca bank central asia hrefhttpsyoutubeevybuysmyhttpsyoutubeevybuysmy abr ipcc indonesia kendaraan terminal hrefhttpsyoutubefnxyotebfwhttpsyoutubefnxyotebfw abr btps bank btpn syariah hrefhttpsyoutubeljgivkkxtmihttpsyoutubeljgivkkxtmi abr bbri bank rakyat indonesia hrefhttpsyoutubekvnvdcwwohttpsyoutubekvnvdcwwo abr bnga bank cimb niaga hrefhttpsyoutubeqdzhfydtyhttpsyoutubeqdzhfydty abr bjbr bank pembangunan daerah jawa barat dan banten hrefhttpsyoutubebapsrryxyhttpsyoutubebapsrryxy abr tpma trans power marine hrefhttpsyoutubewttjqdytuhttpsyoutubewttjqdytu abr sgro sampoerna agro hrefhttpsyoutubeofmterjybdmhttpsyoutubeofmterjybdm abr cnma nusantara sejahtera jaya hrefhttpsyoutubesgpxdxweschttpsyoutubesgpxdxwesc abr bmbl lavender bina cendikia hrefhttpsyoutubefspnxpnxbyhttpsyoutubefspnxpnxbyabr ptba bukit asam hrefhttpsyoutubehcysprgahttpsyoutubehcysprgaa;;;
@xcie69;jhon bahas emiten smkm sama lsip jhonğŸ˜Š;jhon bahas emiten smkm sama lsip jhon;;
@dosibonbon;Saya sudah pegang ptba lama..msih avg 4650;saya sudah pegang ptba lamamsih avg;;
@adiputrapangestu5920;â€‹@@dosibonbonkalo ga banyak lot nya gpp ğŸ˜¢;dosibonbonkalo ga banyak lot nya gpp;;
@dahamadiun1371;AMAN bang Amanda;aman bang amanda;;
@ziletmuse5318;Bahas mmix donk.. Hehe;bahas mmix donk hehe;;
@farelsaputra1377;bang Sido bang;bang sido bang;;
@iradatimanamanda9087;Setujuu;setujuu;;
@muhammadarif5998;Pertama Jon, Waktunya Serok PTBA;pertama jon waktunya serok ptba;;
@rudiwahyudi9244;Mantul free yourk ğŸ™ pertamx 17.41;mantul free yourk pertamx;;
@soundtubefree8075;Mantul free yourk ğŸ˜Š;mantul free yourk;;
@Mankdolz;Hadir;hadir;;
@jhonpolmanpurba7625;Masih hold ptba Bang;masih hold ptba bang;;
@ThePietzpanca;Kalo Porto ptba merah nyangkut di 3000 tetep hold bang?;kalo porto ptba merah nyangkut di tetep hold bang;;
@mukhammadsuharis782;Terimakasih bang, langsung dibahas ğŸ—¿;terimakasih bang langsung dibahas;;
@kamalayaofficial8942;Pertama;pertama;;
